{
  "Mahfil1-10" : {
    "transaction" : "Mahfil1-10",
    "sampleCount" : 100,
    "errorCount" : 0,
    "errorPct" : 0.0,
    "meanResTime" : 263.6800000000002,
    "medianResTime" : 247.5,
    "minResTime" : 209.0,
    "maxResTime" : 505.0,
    "pct1ResTime" : 356.10000000000014,
    "pct2ResTime" : 421.39999999999986,
    "pct3ResTime" : 504.87999999999994,
    "throughput" : 10.610079575596817,
    "receivedKBytesPerSec" : 485.5354774535809,
    "sentKBytesPerSec" : 7.449850795755967
  },
  "Mahfil1-7" : {
    "transaction" : "Mahfil1-7",
    "sampleCount" : 100,
    "errorCount" : 0,
    "errorPct" : 0.0,
    "meanResTime" : 302.13,
    "medianResTime" : 255.5,
    "minResTime" : 211.0,
    "maxResTime" : 793.0,
    "pct1ResTime" : 484.9000000000001,
    "pct2ResTime" : 608.049999999999,
    "pct3ResTime" : 792.97,
    "throughput" : 10.012014417300762,
    "receivedKBytesPerSec" : 23.03447731027233,
    "sentKBytesPerSec" : 7.63611646475771
  },
  "Mahfil1" : {
    "transaction" : "Mahfil1",
    "sampleCount" : 200,
    "errorCount" : 0,
    "errorPct" : 0.0,
    "meanResTime" : 282.91,
    "medianResTime" : 251.5,
    "minResTime" : 209.0,
    "maxResTime" : 793.0,
    "pct1ResTime" : 422.9,
    "pct2ResTime" : 492.95,
    "pct3ResTime" : 789.2300000000007,
    "throughput" : 19.342359767891683,
    "receivedKBytesPerSec" : 464.82013872098645,
    "sentKBytesPerSec" : 14.16676740812379
  },
  "Total" : {
    "transaction" : "Total",
    "sampleCount" : 200,
    "errorCount" : 0,
    "errorPct" : 0.0,
    "meanResTime" : 282.90499999999986,
    "medianResTime" : 251.5,
    "minResTime" : 209.0,
    "maxResTime" : 793.0,
    "pct1ResTime" : 422.9,
    "pct2ResTime" : 492.95,
    "pct3ResTime" : 789.2300000000007,
    "throughput" : 19.571386632742932,
    "receivedKBytesPerSec" : 470.3239293839906,
    "sentKBytesPerSec" : 14.334511693903513
  }
}