{
  "Mahfil1-10" : {
    "transaction" : "Mahfil1-10",
    "sampleCount" : 10,
    "errorCount" : 0,
    "errorPct" : 0.0,
    "meanResTime" : 238.3,
    "medianResTime" : 238.5,
    "minResTime" : 213.0,
    "maxResTime" : 263.0,
    "pct1ResTime" : 262.8,
    "pct2ResTime" : 263.0,
    "pct3ResTime" : 263.0,
    "throughput" : 1.1482374555057986,
    "receivedKBytesPerSec" : 52.54531949707199,
    "sentKBytesPerSec" : 0.8062331352623723
  },
  "Mahfil1-7" : {
    "transaction" : "Mahfil1-7",
    "sampleCount" : 10,
    "errorCount" : 0,
    "errorPct" : 0.0,
    "meanResTime" : 293.1,
    "medianResTime" : 256.0,
    "minResTime" : 229.0,
    "maxResTime" : 655.0,
    "pct1ResTime" : 616.8000000000002,
    "pct2ResTime" : 655.0,
    "pct3ResTime" : 655.0,
    "throughput" : 1.094331363536879,
    "receivedKBytesPerSec" : 2.5178170825125847,
    "sentKBytesPerSec" : 0.834641401291311
  },
  "Mahfil1" : {
    "transaction" : "Mahfil1",
    "sampleCount" : 20,
    "errorCount" : 0,
    "errorPct" : 0.0,
    "meanResTime" : 265.69999999999993,
    "medianResTime" : 248.5,
    "minResTime" : 213.0,
    "maxResTime" : 655.0,
    "pct1ResTime" : 272.6,
    "pct2ResTime" : 635.8999999999997,
    "pct3ResTime" : 655.0,
    "throughput" : 2.118868524208073,
    "receivedKBytesPerSec" : 50.91905922237525,
    "sentKBytesPerSec" : 1.5519056573789596
  },
  "Total" : {
    "transaction" : "Total",
    "sampleCount" : 20,
    "errorCount" : 0,
    "errorPct" : 0.0,
    "meanResTime" : 265.69999999999993,
    "medianResTime" : 248.5,
    "minResTime" : 213.0,
    "maxResTime" : 655.0,
    "pct1ResTime" : 272.6,
    "pct2ResTime" : 635.8999999999997,
    "pct3ResTime" : 655.0,
    "throughput" : 2.134927412467976,
    "receivedKBytesPerSec" : 51.30497438087105,
    "sentKBytesPerSec" : 1.5636675384286933
  }
}